lat,long,id_place,formatted_address
40.8113404,-73.9209643,ChIJzYTwY8T1wokR5EPhZLp9UzE,"340 Willis Ave, The Bronx, NY 10454, USA"
40.8713168,-73.8439969,ChIJBQj25ErzwokRNbiUdGeFTJQ,"3101 Eastchester Rd, The Bronx, NY 10469, USA"
40.5760038,-73.98840799999999,ChIJk362JcpFwokRUVkPelJCBEU,"2114 Mermaid Ave, Brooklyn, NY 11224, USA"
40.6326443,-73.9482357,ChIJ_z5yXU1bwokRNV32yiFMJkU,"13 Hillel Pl, Brooklyn, NY 11210, USA"
40.7927122,-73.97267219999999,ChIJzwJ8ooJYwokRwuK2KN_n9yM,"Advent Lutheran Church, 2504 Broadway, New York, NY 10025, USA"
40.813453,-73.9544556,ChIJwTismmv2wokREj6IJQgstEw,"429 W 127th St, New York, NY 10027, USA"
40.6992376,-73.8977049,ChIJN9mRJylcwokRII1gQ3gBxUM,"59-02 Summerfield St, Ridgewood, NY 11385, USA"
40.6915057,-73.86228559999999,ChIJ4afO5OZdwokRyUCT2uoH9IQ,"86-76 80th St, Woodhaven, NY 11421, USA"
40.6929117,-73.9459632,ChIJrU7C9fJbwokRREFft6Vr5BE,"182 Tompkins Ave, Brooklyn, NY 11206, USA"
40.6934778,-73.7805579,EisxMTEtNTQgTWVycmljayBCbHZkLCBKYW1haWNhLCBOWSAxMTQzMywgVVNBIhoSGAoUChIJSVMbrzFhwokRa_ZvRW3ELnQQNg,"111-54 Merrick Blvd, Jamaica, NY 11433, USA"
40.6326443,-73.9482357,ChIJ_z5yXU1bwokRNV32yiFMJkU,"13 Hillel Pl, Brooklyn, NY 11210, USA"
40.799702,-73.9447607,ChIJ02ONeQ_2wokRJRSJvPA5M1Q,"1765 Madison Ave, New York, NY 10029, USA"
40.799702,-73.9447607,ChIJ02ONeQ_2wokRJRSJvPA5M1Q,"1765 Madison Ave, New York, NY 10029, USA"
40.80661,-73.9441794,ChIJI1W7-Qz2wokRit9jMTSq6fg,"41 W 124th St, New York, NY 10027, USA"
40.7341504,-73.99575949999999,ChIJ64zjb5dZwokRU7iSrXDDfKs,"12 W 11th St, New York, NY 10011, USA"
40.8766745,-73.862719,ChIJOyJJgz_zwokRQF9f7yf9L5Y,"750 Tilden St, The Bronx, NY 10467, USA"
40.8026899,-73.9403842,EjAxNzUxIFBhcmsgQXZlIDNSRCBGTE9PUiwgTmV3IFlvcmssIE5ZIDEwMDM1LCBVU0EiJRojChYKFAoSCZlacmgJ9sKJEQr4ORFsJih6EgkzUkQgRkxPT1I,"1751 Park Ave 3RD FLOOR, New York, NY 10035, USA"
40.6378397,-73.8950732,ChIJ0XdBWtlcwokRmeLcJ9CQ7gs,"1772 Rockaway Pkwy, Brooklyn, NY 11236, USA"
40.6766108,-73.9497195,ChIJL6pRb5tbwokRsPDG2sqZOII,"1200 Dean St, Brooklyn, NY 11216, USA"
40.6023795,-73.996619,ChIJQXDz6QhFwokR9QoE4He5yRI,"8635 21st Ave, Brooklyn, NY 11214, USA"
40.60238,-73.996619,ChIJZTpXuAhFwokRs9EXNdIGA1U,"8635 21st Ave #1C, Brooklyn, NY 11214, USA"
40.7118149,-73.7684402,ChIJebRF_2xhwokRgaN0kfjHUrk,"9119 191st St, Hollis, NY 11423, USA"
40.8023207,-73.94342689999999,ChIJsQCMwQ72wokRLOlPtnc0kck,"1832 Madison Ave, New York, NY 10035, USA"
40.6478978,-73.95795199999999,ChIJD9VxykBbwokRHVvIuAN0VKw,"971 Flatbush Ave, Brooklyn, NY 11226, USA"
40.6897641,-73.79157649999999,ChIJz1ipHithwokRAZw6TxusoGA,"111-11 157th St, Jamaica, NY 11433, USA"
40.6706397,-73.9382776,ChIJXeUZN4BbwokRZ0Kf79lL0dE,"1208 St Johns Pl, Brooklyn, NY 11213, USA"
40.8114564,-73.94110979999999,ChIJf3FUZXT2wokRLlB5xBdva5Q,"54 W 132nd St #60, New York, NY 10037, USA"
40.58883100000001,-73.804643,ChIJh3KyHV1owokRlOduBplYr6I,"215 Beach 77th St, Arverne, NY 11692, USA"
40.692739,-73.788107,ChIJJ62Xpy5hwokRyda31mKQCH0,"110-25 Guy R Brewer Blvd, Jamaica, NY 11433, USA"
40.8308577,-73.908104,ChIJq8OiH0n0wokRYY-m1ZSKgvE,"3482 Park Ave, The Bronx, NY 10456, USA"
40.6817055,-73.96125789999999,ChIJVVRu6aJbwokR5Mj5Sj9QTjY,"457 Grand Ave, Brooklyn, NY 11238, USA"
40.7085878,-73.7810974,ChIJsdramRdhwokRdyBSKuo43QI,"17909 Jamaica Ave, Jamaica, NY 11432, USA"
40.7086165,-73.7810836,ChIJsdramRdhwokRci8F7kdnxOM,"179-09 Jamaica Ave, Jamaica, NY 11432, USA"
40.6806172,-73.9464757,ChIJWSh0X4VbwokRqnm6bRIxHd0,"956 Marcy Ave, Brooklyn, NY 11216, USA"
40.6900183,-73.7971438,ChIJD_JFI9VgwokRp2FTNEj0Vm8,"109-74 Sutphin Blvd, Jamaica, NY 11435, USA"
40.6804976,-73.9493262,ChIJITc4mJpbwokR7uT2KPPbVtg,"1297 Fulton St, Brooklyn, NY 11216, USA"
40.6837322,-73.87475529999999,ChIJgbku9sZdwokRcG7Os8JDCeE,"198 Euclid Ave, Brooklyn, NY 11208, USA"
40.61956,-73.9375091,ChIJq4Zw3adEwokRRFe7EMwonsk,"3846 Flatlands Ave, Brooklyn, NY 11234, USA"
40.8221038,-73.9104924,ChIJvUwTEbX1wokRjWZih2sDgow,"3144 3rd Ave, The Bronx, NY 10451, USA"
40.8172134,-73.8869057,ChIJGyfH7wD1wokRJMZAUtQK0vw,"812 Faile St, The Bronx, NY 10474, USA"
40.8070418,-73.9651341,ChIJDWzIrT72wokR5PfQIlk4F9Q,"601 W 114th St, New York, NY 10025, USA"
40.8868063,-73.8512592,ChIJhyZ0By_zwokRnr4FIJZ3XS4,"971 E 227th St, The Bronx, NY 10466, USA"
40.8422807,-73.90121429999999,ChIJuekjAmj0wokRzCHORKa89sI,"1695 Washington Ave, The Bronx, NY 10457, USA"
40.8149923,-73.9187996,ChIJR7XB-MX1wokRuemWzJFTDHQ,"495 Willis Ave, The Bronx, NY 10455, USA"
40.8326862,-73.9187597,ChIJr3S41jD0wokRXsWbtCJ_BRk,"1130 Grand Concourse, The Bronx, NY 10456, USA"
40.6888667,-73.9290235,ChIJ_zi4nnFcwokR0N1rCWyTBZ0,"919 Gates Ave, Brooklyn, NY 11221, USA"
40.6927803,-73.9917849,ChIJJ86OJ0lawokRXTSm9u6nhHY,"191 Joralemon St, Brooklyn, NY 11201, USA"
40.684338,-73.9658236,ChIJNYkCWbtbwokRikavPDHjlmM,"484 Washington Ave, Brooklyn, NY 11238, USA"
40.6600091,-73.9222158,ChIJa13VCY9cwokRZTTm0SR2TyM,"1089 Clarkson Ave, Brooklyn, NY 11212, USA"
40.71341169999999,-73.990831,ChIJ_83vESlawokRvDFa7F-7CQw,"139 Henry St, New York, NY 10002, USA"
40.5397375,-74.1604433,ChIJN8s1YVJKwokRI7g1wzGMi_0,"4055 Richmond Ave, Staten Island, NY 10312, USA"
40.6914526,-73.788009,ChIJtYS1bCxhwokRHkOO9A86cuU,"111-10 Guy R Brewer Blvd, Jamaica, NY 11433, USA"
40.6545479,-73.9611929,ChIJg2BIFRVbwokRWSVVwtHo4dk,"151 Woodruff Ave, Brooklyn, NY 11226, USA"
40.5768028,-73.9852527,ChIJZRT7hMpFwokRsnjqYQAFJFo,"2866 W 17th St, Brooklyn, NY 11224, USA"
40.6520088,-74.0047416,ChIJ2YH1CsdawokR9acQl-EdpvU,"443 39th St, Brooklyn, NY 11232, USA"
40.6883068,-73.9600512,ChIJk2xUGr5bwokRHxkiKOvHuxA,"352 Classon Ave #358, Brooklyn, NY 11238, USA"
40.6422446,-73.9017884,ChIJh_i02MJcwokRuWK6tUp38iQ,"1171 E 95th St, Brooklyn, NY 11236, USA"
40.6364859,-74.1647271,ChIJLfrPG6RNwokRj3RDcd7DH8c,"121 Grandview Ave, Staten Island, NY 10303, USA"
40.6384556,-73.9719144,ChIJqfQ47S1bwokRSeWOPuoe8Is,"Kensington & Parkville, 622 Cortelyou Rd, Brooklyn, NY 11218, USA"
40.6928618,-73.7995225,EioxMDgtMiBTdXRwaGluIEJsdmQsIEphbWFpY2EsIE5ZIDExNDM1LCBVU0EiGhIYChQKEgn7N5Rq1GDCiRH5ly6-M3_B7RAC,"108-2 Sutphin Blvd, Jamaica, NY 11435, USA"
40.6827393,-73.7698032,ChIJQctOdLVmwokRakC47TlJ9QI,"122-20 Merrill St, Jamaica, NY 11434, USA"
40.8698639,-73.87957449999999,ChIJuzZbXXDzwokR2VskNhyPkFc,"3021 Webster Ave, The Bronx, NY 10458, USA"
40.8457545,-73.8660957,ChIJDWEK35f0wokRstlNnQI1tMI,"1812 White Plains Rd, The Bronx, NY 10462, USA"
40.6542475,-73.90855309999999,ChIJ4YZSkOJcwokRJkb6uDCT3ac,"1400 Linden Blvd, Brooklyn, NY 11212, USA"
40.654275,-73.9331807,ChIJVVXl1J1cwokR6V5HswNeA08,"777 Schenectady Ave, Brooklyn, NY 11203, USA"
40.654275,-73.9331807,ChIJVVXl1J1cwokR6V5HswNeA08,"777 Schenectady Ave, Brooklyn, NY 11203, USA"
40.6048581,-74.0922882,ChIJu8bqp_FOwokRwbaKLdsqS9c,"900 Richmond Rd, Staten Island, NY 10304, USA"
40.6517502,-73.9183347,ChIJPdXtAZRcwokROG2rY-EyVE8,"627 Remsen Ave, Brooklyn, NY 11236, USA"
40.6724101,-73.9611779,ChIJH4aVmQpbwokRVtIRZOC5r-s,"836 Classon Ave, Brooklyn, NY 11238, USA"
40.6466749,-73.94889189999999,ChIJ7_m7XkNbwokRukdSOt2nYxE,"1615 Nostrand Ave, Brooklyn, NY 11226, USA"
40.674498,-73.94161299999999,ChIJRyJvV4FbwokRFvm7rhd5w6c,"922 St Marks Ave, Brooklyn, NY 11213, USA"
40.6602869,-73.9261375,ChIJd99rCYVcwokR9pdzzvLVGQ0,"1011 Winthrop St, Brooklyn, NY 11212, USA"
40.805083,-73.960405,ChIJe8wC7T32wokRPOjAQZoWTH4,"405 W 114th St, New York, NY 10025, USA"
40.6714166,-73.9225373,ChIJZ5fXa2NcwokRBB_NmuUabbI,"526 Ralph Ave, Brooklyn, NY 11233, USA"
40.81630450000001,-73.9530152,ChIJl0UTxm72wokRZKHoSa53Ne0,"88 Convent Ave, New York, NY 10027, USA"
40.8333764,-73.8662794,ChIJkS7rEur0wokRTk0FEOfR9nA,"1344 Beach Ave, The Bronx, NY 10472, USA"
40.8275004,-73.9445698,ChIJgS_inn32wokRFqY20tXroBM,"459 W 149th St, New York, NY 10031, USA"
40.7381373,-74.0003114,ChIJr4g7_L1ZwokRNWJyFCmnwdQ,"201 W 13th St, New York, NY 10011, USA"
40.7731213,-73.933889,ChIJ1ZJhm0xfwokRWifIaOC0IcE,"7-1 Astoria Blvd, Astoria, NY 11102, USA"
40.7008759,-73.94256140000002,ChIJBzqDGfpbwokR4cEIRl3E-7g,"736 Broadway, Brooklyn, NY 11206, USA"
40.6328169,-74.1628204,ChIJ6UKMmqVNwokRrEQQX1BoWxs,"22 Roxbury St, Staten Island, NY 10303, USA"
40.8217281,-73.9203167,ChIJ8YNfQ8z1wokRrR9P-rTNtAQ,"286 E 156th St, The Bronx, NY 10451, USA"
40.8151385,-73.9097575,ChIJ32yPn7f1wokRaQ40L-5fX14,"595 Trinity Ave, The Bronx, NY 10455, USA"
40.6221226,-74.0805633,ChIJyfq4pE1OwokRL7dowNMG7P8,"75 Hill St, Staten Island, NY 10304, USA"
40.8611117,-73.9240961,ChIJbRkqpwj0wokRElGxzI46Aho,"177 Nagle Ave, New York, NY 10034, USA"
40.8308796,-73.9419183,ChIJc64g1Yb2wokRDec_dqQNTzc,"454 W 155th St, New York, NY 10032, USA"
40.7555154,-73.9445939,ChIJwRPY1tlYwokRVN_upeuVUAA,"1025 41st Ave, Long Island City, NY 11101, USA"
40.7573397,-73.9727561,ChIJtQ-t6vxYwokRKR8MU208mHs,"108 E 51st St, New York, NY 10022, USA"
40.8244929,-73.89927899999999,ChIJFcrQilL0wokRw2PJ14D32Fo,"1034 Prospect Ave, The Bronx, NY 10459, USA"
40.700935,-73.89527799999999,ChIJSYAMhClcwokRVUyYPgVHPeA,"60-85 Myrtle Ave, Flushing, NY 11385, USA"
40.6401964,-74.13431539999999,ChIJ8TzmyedNwokRv-ZixnZvNog,"2134 Richmond Terrace, Staten Island, NY 10302, USA"
40.8068979,-73.965904,ChIJ_Zmh_Tv2wokRJWSf6nr4VgY,"616 W 114th St, New York, NY 10025, USA"
40.8341909,-73.941915,ChIJZ89tCoT2wokRQX-19hQnztI,"508 W 159th St, New York, NY 10032, USA"
40.6795939,-73.92128579999999,ChIJE4Ycm2VcwokRdCvjXbw0yWk,"Brooklyn, NY 11233, USA"
40.7014794,-73.9315437,ChIJjUuskgZcwokR7loZicZFnig,"43 George St, Brooklyn, NY 11206, USA"
40.7901,-73.97613880000002,ChIJv5Gtw4NYwokReB-yM2J8PBk,"257 W 88th St, New York, NY 10024, USA"
40.8802917,-73.83101669999999,ChIJmU4N7c-MwokRiZoeq7GKK6o,"1010 Baychester Ave, The Bronx, NY 10475, USA"
40.6103062,-73.9621403,ChIJu_U5CetEwokR3DzvCX6yGE8,"1935 Coney Island Ave, Brooklyn, NY 11230, USA"
40.6862124,-73.93550239999999,ChIJo7ibhHVcwokRf3ZoWRjK3gY,"562 Madison St, Brooklyn, NY 11221, USA"
40.6744942,-73.89700119999999,ChIJ-yfgO05cwokR8FDJSiaq_0o,"138 Pennsylvania Ave, Brooklyn, NY 11207, USA"
40.7538366,-73.8648073,ChIJYdrrpcBfwokRkJUgOXDNPak,"35-30 103rd St, Corona, NY 11368, USA"
40.7562049,-73.9021329,ChIJt7eWyBFfwokRZVzsvk_Zmw8,"31-30 61st St, Woodside, NY 11377, USA"
40.861678,-73.899134,ChIJ7a7riofzwokR05WtNS6yvbg,"114 E 188th St, The Bronx, NY 10468, USA"
40.861678,-73.899134,ChIJ7a7riofzwokR05WtNS6yvbg,"114 E 188th St, The Bronx, NY 10468, USA"
40.681781,-73.85392100000001,ChIJq0rB-e1dwokRQ9y6MOTM-o8,"85-12 101st Ave, Jamaica, NY 11416, USA"
40.7573397,-73.9727561,ChIJtQ-t6vxYwokRKR8MU208mHs,"108 E 51st St, New York, NY 10022, USA"
40.664688,-73.9346503,ChIJPZJs8oFcwokRKwUojXnVF_I,"899 Montgomery St, Brooklyn, NY 11213, USA"
40.6821256,-73.9771774,ChIJrYI0KKxbwokRsXB6hQ2hkxI,"424 Dean St, Brooklyn, NY 11217, USA"
40.8535636,-73.90847149999999,ChIJ45i4cnL0wokRw9UhyzuCBMk,"2038 Davidson Ave, The Bronx, NY 10453, USA"
40.674332,-73.804073,ChIJM6dJcSNnwokRVhflHvAXcy0,"134-10 Rockaway Blvd, Jamaica, NY 11420, USA"
40.82585600000001,-73.921089,ChIJg0mGKDP0wokRdzNxDRmMFIc,"198 E 161 St, The Bronx, NY 10451, USA"
40.8106875,-73.9483363,ChIJ9SGHXW32wokREvqJNV6R-g8,"W 127th St, New York, NY 10027, USA"
40.809875,-73.9458556,ChIJz1OuxHL2wokR2lk37aIl5TA,"127 W 127th St, New York, NY 10027, USA"
40.6339765,-74.0754038,ChIJfTZyaMtPwokRlMDv3fzqSow,"340 Bay St, Staten Island, NY 10301, USA"
40.7175647,-73.9794946,ChIJP7Bu-H5ZwokRzW-klxmo-3Q,"280 Rivington St, New York, NY 10002, USA"
40.6660724,-73.8860973,ChIJES5zDatdwokRAjNA9YIBwqI,"817 Livonia Ave, Brooklyn, NY 11207, USA"
40.8712717,-73.8470219,ChIJ5Wx7zUvzwokRdFiiq0aLj8E,"3154 Fish Ave, The Bronx, NY 10469, USA"
40.6675061,-73.9213317,ChIJiYqkgGJcwokRQk9HGurklDQ,"1234 E New York Ave, Brooklyn, NY 11212, USA"
40.6478978,-73.95795199999999,ChIJD9VxykBbwokRHVvIuAN0VKw,"971 Flatbush Ave, Brooklyn, NY 11226, USA"
40.75758020000001,-73.8611921,ChIJx2Vzsi5ewokRxGIgZRRw7eg,"33-16 108th St, Corona, NY 11368, USA"
40.6958539,-73.8358135,ChIJQ0eXW6tgwokRuD4nQqVLIXA,"87-47 111th St, Richmond Hill, NY 11418, USA"
40.695672,-73.836311,ChIJsy0Bb6tgwokRcsBDlHoSuZ8,"87-47 111th St, Richmond Hill, NY 11418, USA"
40.8316313,-73.8795329,ChIJi48jU_D0wokRtEe-DF6WMx4,"1310 Elder Ave, The Bronx, NY 10472, USA"
40.6478978,-73.95795199999999,ChIJD9VxykBbwokRHVvIuAN0VKw,"971 Flatbush Ave, Brooklyn, NY 11226, USA"
40.7286533,-73.8470852,ChIJE0SgLilewokR3TA6UHxPqSw,"67-09 108th St, Forest Hills, NY 11375, USA"
40.8613261,-73.9003685,ChIJd2eEA3j0wokRQ7DjR-tw_NM,"2427 Morris Ave, The Bronx, NY 10468, USA"
40.689163,-73.92280699999999,ChIJMRM4jRJcwokRxZBHZ7Saz1Y,"1014 Gates Ave, Brooklyn, NY 11221, USA"
40.8300414,-73.9439041,ChIJ8-SRE4f2wokRkQutXmTNdEU,"1875 Amsterdam Ave, New York, NY 10031, USA"
40.6641275,-73.9570145,ChIJV2Ut8XJbwokR1r7LPQDZBqk,"1727 Bedford Ave, Brooklyn, NY 11225, USA"
40.6841759,-73.9093614,ChIJ8yrTHCJcwokRJikd_lbcEBs,"1420 Bushwick Ave rm 370, Brooklyn, NY 11207, USA"
40.8258675,-73.9378107,ChIJSZOjvH_2wokR-OQkU9OrVsE,"276 W 151st St, New York, NY 10039, USA"
40.6302137,-74.0810942,ChIJAQlIdkpOwokRsBBs7KFVL6g,"309 St Pauls Ave, Staten Island, NY 10304, USA"
40.8217394,-73.84829140000001,ChIJo5oie9H0wokRu5ZsSAnXZEA,"720 Castle Hill Ave, The Bronx, NY 10473, USA"
40.6478978,-73.95795199999999,ChIJD9VxykBbwokRHVvIuAN0VKw,"971 Flatbush Ave, Brooklyn, NY 11226, USA"
40.7614838,-73.8688751,ChIJWV1zUZRfwokRb9xImQ95mJk,"100-10 Astoria Blvd, East Elmhurst, NY 11369, USA"
40.6901644,-73.7629087,ChIJ0S2UjE5hwokRRc6Dc64JNjg,"187-10 Baisley Blvd, Jamaica, NY 11412, USA"
40.6901644,-73.7629087,ChIJ0S2UjE5hwokRRc6Dc64JNjg,"187-10 Baisley Blvd, Jamaica, NY 11412, USA"
40.7057777,-73.7966576,ChIJAfvPEt9gwokR2SOKm7WPvME,"89-60 164th St, Jamaica, NY 11432, USA"
40.676147,-73.75492899999999,ChIJjVXr2ZtmwokR-e_xzA8-xYI,"216-02 137th Ave, Springfield Gardens, NY 11413, USA"
40.710745,-73.80196699999999,ChIJK5NkP-dgwokRsxH0Tv62wh4,"86-10 162nd St, Jamaica, NY 11432, USA"
40.6480944,-73.9590348,ChIJPwj0qkBbwokRsGGb9467Hik,"261 E 21st St, Brooklyn, NY 11226, USA"
40.8039977,-73.9549479,ChIJ_ZYCxBb2wokR7wIIfSQrkNU,"252 W 116th St, New York, NY 10026, USA"
40.67827219999999,-74.0137044,ChIJXQlamYlawokRPtnxEa7I6TQ,"165 Conover St, Brooklyn, NY 11231, USA"
40.7362951,-73.85012979999999,ChIJRxWv1ixewokRAwAi3LB1uZc,"108-25 62nd Dr, Forest Hills, NY 11375, USA"
40.7970441,-73.93436969999999,ChIJfeCgN_31wokR5dnJC0J2VjI,"2290 1st Avenue, New York, NY 10035, USA"
40.7970441,-73.93436969999999,ChIJfeCgN_31wokR5dnJC0J2VjI,"2290 1st Avenue, New York, NY 10035, USA"
40.7551316,-73.992355,ChIJl-_DGK1ZwokRGn9oPj7Y_QQ,"307 W 38th St, New York, NY 10018, USA"
40.7551316,-73.992355,ChIJl-_DGK1ZwokRGn9oPj7Y_QQ,"307 W 38th St, New York, NY 10018, USA"
40.706442,-73.762396999999993,ChIJo5JJ_mhhwokR4d4tS8BhQoU,"195-12 Hollis Ave, Jamaica, NY 11412, USA"
40.8430848,-73.88947350000001,ChIJp2YK02H0wokRzaezz8C_Neo,"771 Fairmount Pl, The Bronx, NY 10460, USA"
40.6642269,-73.9500479,ChIJDYgz93BbwokRVdKlolSDBvI,"357 Empire Blvd, Brooklyn, NY 11225, USA"
40.6608731,-73.75219740000001,ChIJe4Y6GJ9mwokRTX4zkMMaOd4,"145-41 228th St, St. Albans, NY 11413, USA"
40.8175255,-73.9043377,ChIJF7Ase7H1wokRU7UHVzQ9MO4,"800 E 156th St, The Bronx, NY 10455, USA"
40.6795939,-73.92128579999999,ChIJE4Ycm2VcwokRdCvjXbw0yWk,"Brooklyn, NY 11233, USA"
40.6537438,-73.93402360000002,ChIJNR-gcJ5cwokRoT11tcc6krg,"661 Linden Blvd, Brooklyn, NY 11203, USA"
40.674171,-73.922411,ChIJl4GK5WRcwokRq9JdPiAEiGk,"438 Ralph Ave, Brooklyn, NY 11233, USA"
40.6738933,-73.8845055,ChIJp2QxNrJdwokRBuctRTU0lmE,"442 Cleveland St, Brooklyn, NY 11208, USA"
40.8689397,-73.9210721,EiYxMDQgQ29vcGVyIFN0LCBOZXcgWW9yaywgTlkgMTAwMzQsIFVTQSIaEhgKFAoSCdMySNn288KJEfoamIE9PvUIEGg,"104 Cooper St, New York, NY 10034, USA"
40.8658136,-73.9199866,ChIJo5sK3PXzwokR2FGWYdqktIs,"W 207th St, New York, NY 10034, USA"
40.7035539,-73.766955,ChIJ9SkbwkFhwokReD744YqvE_8,"109-14 Farmers Blvd, Jamaica, NY 11412, USA"
40.8406082,-73.8835754,ChIJvVVlXIv0wokR4go0uekrTvs,"1909 Vyse Ave, The Bronx, NY 10460, USA"
40.8406082,-73.8835754,ChIJvVVlXIv0wokR4go0uekrTvs,"1909 Vyse Ave, The Bronx, NY 10460, USA"
40.7452878,-73.98142469999999,ChIJQUbm4wdZwokRhFoA4c-GPjE,"120 E 32nd St, New York, NY 10016, USA"
40.8364441,-73.9164634,ChIJT41iozn0wokR-FP7JaU1HF4,"1275 Grand Concourse, The Bronx, NY 10452, USA"
40.7292165,-73.9549767,ChIJ47t13kBZwokRK8wPAtokWOk,"136 Milton St, Brooklyn, NY 11222, USA"
40.7528932,-73.9840589,ChIJfWIriqpZwokRwW2486UmewY,"50 W 40th St, New York, NY 10018, USA"
40.6848036,-73.9743481,ChIJX9Zo1bFbwokRY3N0XzRSVoc,"150 S Portland Ave, Brooklyn, NY 11217, USA"
40.8082615,-73.9472409,Ei4xMzIgVyAxMjV0aCBTdCA1VEggRkwsIE5ldyBZb3JrLCBOWSAxMDAyNywgVVNBIiIaIAoWChQKEgklfQ5eDfbCiRGYTuFUbnln8BIGNVRIIEZM,"132 W 125th St 5TH FL, New York, NY 10027, USA"
40.8064324,-73.941566,ChIJ105hfAv2wokRsQP5L1ta8aU,"13 E 125th St #15, New York, NY 10035, USA"
40.6021572,-73.9945639,ChIJEYMpIAZFwokRaM8bHcJ6-lM,"2164 86th St, Brooklyn, NY 11214, USA"
40.8714855,-73.8921194,ChIJlVIZ3JzzwokRQ6_yKvmzsr0,"2868 Jerome Ave, The Bronx, NY 10468, USA"
40.6323696,-73.8907876,ChIJS00-hddcwokRf-VU9es9860,"9502 Seaview Ave, Brooklyn, NY 11236, USA"
40.6764879,-73.9475088,ChIJqXe4UptbwokRDZ2CfwBGtKQ,"1256 Dean St, Brooklyn, NY 11216, USA"
40.6349183,-74.0141754,ChIJjak6lE5FwokRkHziSpDnOuo,"6324 7th Ave, Brooklyn, NY 11220, USA"
40.7087729,-73.74630420000001,ChIJGfxTYthjwokR8SvjumspTsA,"211-04 Hollis Ave, Queens Village, NY 11429, USA"
40.714097,-73.770155,ChIJBdxpQ21hwokRxkF1Zvk3L1g,"89-22 191st St, Jamaica, NY 11423, USA"
40.7080583,-73.76273809999999,ChIJhdxnJmlhwokRveCtkrvlEAE,"100-50 196th St, Hollis, NY 11423, USA"
40.65038149999999,-73.95350150000002,ChIJo50SJ0JbwokRPTi5X4Bqa-s,"2530 Church Ave, Brooklyn, NY 11226, USA"
40.8064324,-73.941566,ChIJ105hfAv2wokRsQP5L1ta8aU,"13 E 125th St #15, New York, NY 10035, USA"
40.668864,-73.79198199999999,ChIJ_WVD099mwokR0Onj2ql2m9w,"146-17 133rd Ave, Jamaica, NY 11436, USA"
40.64426,-73.9625246,ChIJGaSczjlbwokRnMBScHj27Zs,"279 E 17th St, Brooklyn, NY 11226, USA"
40.7944627,-73.970606,ChIJLdcS2yf2wokRWvDRMWiryks,"207 W 96th St, New York, NY 10025, USA"
40.8366719,-73.9019715,ChIJ94cevUT0wokRpEObQBCMfBY,"3780 3rd Ave, The Bronx, NY 10456, USA"
40.6771016,-73.7550854,ChIJ2TcIvq5mwokRxW6Uy-OpXAM,"136-25 Springfield Blvd, St. Albans, NY 11413, USA"
40.657291,-73.91828799999999,ChIJHwrhAI5cwokRE-piNsuCWfU,"409 E 95th St, Brooklyn, NY 11212, USA"
40.657017,-73.918645,ChIJHwrhAI5cwokRwcfCZJH3WIQ,"414 E 95th St, Brooklyn, NY 11212, USA"
40.6789891,-73.9642607,Eis2NTAgV2FzaGluZ3RvbiBBdmUsIEJyb29rbHluLCBOWSAxMTIzOCwgVVNBIhsSGQoUChIJ244_6KNbwokRhnUgGuQAxt4QigU,"650 Washington Ave, Brooklyn, NY 11238, USA"
40.6610592,-73.9428063,ChIJKVMcRntbwokR_HOJoizwijg,"520 Kingston Ave # A, Brooklyn, NY 11225, USA"
40.7543944,-73.821624,ChIJZe3BVRRgwokRPoGplFGDgso,"140-32 Cherry Ave, Flushing, NY 11355, USA"
40.58134159999999,-73.96344839999999,ChIJD1fFpkNEwokRBXpiGzfNQE4,"273 Neptune Ave, Brooklyn, NY 11235, USA"
40.8313843,-73.9093929,ChIJ5TfD-Ej0wokRdVIeWxoUU4c,"1211 Brook Ave, The Bronx, NY 10456, USA"
40.8484236,-73.9353672,ChIJXdq73B_0wokRcA7U38_rpGE,"619 W 179th St, New York, NY 10033, USA"
40.6538042,-73.91793299999999,ChIJw1EH2pNcwokRUJDI4hbra-s,"9202 Church Ave, Brooklyn, NY 11236, USA"
40.8171309,-73.9428018,ChIJ4WMbx3D2wokRQ-e-QOrapvM,"2348 Adam Clayton Powell Jr Blvd, New York, NY 10030, USA"
40.6756261,-73.8781777,ChIJxcbYs7BdwokRs5_ySt4pKqI,"862 Glenmore Ave, Brooklyn, NY 11208, USA"
40.8876692,-73.8307295,ChIJiRwDZ9eMwokR8-S1JIZuh_c,"2230 Light St, The Bronx, NY 10466, USA"
40.707286,-73.80095,ChIJ8frw1t1gwokRY7rpRDz69dA,"88-28 161 St, Jamaica, NY 11432, USA"
40.7078263,-73.7990202,EiU4ODI4IDE2M3JkIFN0LCBKYW1haWNhLCBOWSAxMTQzMiwgVVNBIhoSGAoUChIJQc6TON5gwokRhvYSziusncUQHA,"8828 163rd St, Jamaica, NY 11432, USA"
40.7710625,-73.9637322,EiFQYXJrIEF2ZSwgTmV3IFlvcmssIE5ZIDEwMDIxLCBVU0EiLiosChQKEgnVnxQkZLfCiRHZnRTUyWVgHhIUChIJmx5YFpNYwokRNsLnUJUCOPM,"Park Ave, New York, NY 10021, USA"
40.7909485,-73.94723789999999,ChIJcx9gvwL2wokRpnYS9FR3Stw,"E 104th St, New York, NY 10029, USA"
40.7035905,-73.78769919999999,EiYxMDMtMiAxNzFzdCBTdCwgSmFtYWljYSwgTlkgMTE0MzMsIFVTQSIaEhgKFAoSCUUtgpQjYcKJEfty9aRcqIjBEAI,"103-2 171st St, Jamaica, NY 11433, USA"
40.5949041,-74.1263817,ChIJLXDSpx9MwokROiqcm_-Y5Po,"1466 Manor Rd, Staten Island, NY 10314, USA"
40.651503,-73.88568339999999,Ei4xMTcwIFBlbm5zeWx2YW5pYSBBdmUsIEJyb29rbHluLCBOWSAxMTIzOSwgVVNBIhsSGQoUChIJsVp02hxdwokR5rZc7qjtgHoQkgk,"1170 Pennsylvania Ave, Brooklyn, NY 11239, USA"
40.8553411,-73.8659349,ChIJg8f67J_0wokRV0Da1j_SIXA,"2157 Holland Ave, The Bronx, NY 10462, USA"
40.605211,-73.75150599999999,ChIJCc5RpQFmwokRuys3KveuW_M,"1525 Central Ave #1, Far Rockaway, NY 11691, USA"
40.7210021,-73.81152399999999,ChIJ4ZqP4_FgwokRTLj2KeTBDqY,"150-62 78th Rd, Flushing, NY 11367, USA"
40.6813315,-73.9290987,ChIJnzBLO3FcwokRcmLv6MQSQsQ,"207 Bainbridge St, Brooklyn, NY 11233, USA"
40.6202986,-73.9175547,ChIJ3wJNJUlDwokR1oj4dY3R4L0,"2368 Ralph Ave, Brooklyn, NY 11234, USA"
40.5988563,-73.941239,ChIJ_2PBeoNEwokRXjCAcPybXvI,"3495 Nostrand Ave, Brooklyn, NY 11229, USA"
40.7603806,-73.830925,ChIJpdpWSQ5gwokReeoGY1OwnDo,"13532 38th Ave, Flushing, NY 11354, USA"
40.6758149,-73.8841814,ChIJTQX967NdwokRjdrBtYSxB_Q,"302 Elton St, Brooklyn, NY 11208, USA"
40.682327,-73.8062856,ChIJO52c2S9nwokRS_Zwm2dhSHU,"114-12 Van Wyck Expy, Jamaica, NY 11420, USA"
40.6641605,-73.92523969999999,ChIJJ-mVPYZcwokRvVRobfi-iyk,"66 E 96th St, Brooklyn, NY 11212, USA"
40.7202372,-73.9781812,ChIJIYHFTnlZwokRx3lROlPFgOE,"12 Avenue D, New York, NY 10009, USA"
40.6728272,-73.74399369999999,ChIJj1gGFwNkwokRHQ7z2NelPLc,"228-20 137th Ave, Jamaica, NY 11413, USA"
40.6589423,-73.9126282,ChIJSSZr04xcwokRQ6x9xVk85KQ,"447 Herzl St, Brooklyn, NY 11212, USA"
40.661878,-73.9105064,ChIJv3lsk_RcwokRQglob9jA7iU,"375 Bristol St, Brooklyn, NY 11212, USA"
40.7958531,-73.9366021,ChIJycrbmQf2wokR1vXAk4S7dEw,"333 E 115th St, New York, NY 10029, USA"
40.852108,-73.88949,ChIJw53hZH30wokRsK2ds0G9xAg,"609 E 182nd St, The Bronx, NY 10457, USA"
40.8262146,-73.8962305,ChIJE9MK51P0wokR_nL0D8Ny9N4,"881 E 167th St, The Bronx, NY 10459, USA"
40.6993181,-73.7934447,ChIJ5zgc6idhwokRx7K4bsU44zs,"106-16 Guy R Brewer Blvd, Jamaica, NY 11433, USA"
40.7896712,-73.9409878,ChIJ3V-q7QH2wokRMRUcGNNTCNc,"340 E 106th St, New York, NY 10029, USA"
40.6984668,-73.9158805,ChIJ5St_qRlcwokRIW_RpM7AhJI,"301 Grove St, Brooklyn, NY 11237, USA"
40.7484323,-73.8741462,ChIJI8RBeyBfwokRGepVl8Yx7Yg,"92-10 Roosevelt Ave, Queens, NY 11372, USA"
40.6138914,-73.9260659,ChIJJ6KdqnBcwokRkPbV_Ee6lAY,"23-43 Utica Ave, Brooklyn, NY 11234, USA"
40.8275698,-73.9049118,ChIJq6rWI0z0wokRPlK_dmcuTF4,"1101 Boston Rd, The Bronx, NY 10456, USA"
40.624083,-73.9652452,ChIJDYNTVc9EwokRn1eMt2_XknE,"1372 Coney Island Ave, Brooklyn, NY 11230, USA"
40.7322289,-73.8496196,ChIJS9lQ7TBewokRX36CwNEK9jM,"105 - 47 64th Rd, Forest Hills, NY 11375, USA"
40.8528373,-73.83706800000002,ChIJ24mBCaqMwokRfnJF3u9lVz8,"1200 Waters Place, 1200 Waters Pl, The Bronx, NY 10461, USA"
40.8528373,-73.83706800000002,ChIJ24mBCaqMwokRfnJF3u9lVz8,"1200 Waters Place, 1200 Waters Pl, The Bronx, NY 10461, USA"
40.7553659,-73.997492,ChIJic3X4rJZwokRlW8uFHsH9fw,"446 W 36th St, New York, NY 10018, USA"
40.5274306,-74.2141716,ChIJ_57CTbRKwokRMYj4y19ADxw,"1870 Drumgoole Rd E, Staten Island, NY 10309, USA"
40.63872509999999,-73.9237121,ChIJq70ZsbpcwokRNTtnXwwYpYw,"5361 Preston Ct, Brooklyn, NY 11234, USA"
40.6709338,-73.7693451,ChIJBYt9z7hmwokRdeFt_8wsj34,"170-20 140th Ave, Jamaica, NY 11434, USA"
40.8080654,-73.88137309999999,ChIJ8eXZGQ_1wokR9okNSSrpwAE,"309 Drake St, The Bronx, NY 10474, USA"
40.8317649,-73.9220972,ChIJt9snvTH0wokRrVsM90tGfSA,"85 E 165th St, The Bronx, NY 10452, USA"
40.7275596,-73.98766309999999,ChIJKwZqlJxZwokRcROpq9p8zwQ,"50 E 7th St, New York, NY 10003, USA"
40.75856539999999,-73.9703834,ChIJRbhSpeRYwokR5wtYuxtgouU,"619 Lexington Ave, New York, NY 10022, USA"
40.8156186,-73.925557,ChIJtzLZldr1wokRnm8eAqofBjI,"226 E 144th St, The Bronx, NY 10451, USA"
40.650141,-73.9545717,ChIJoVyum0FbwokRT6S_EeNKEmc,"11 Woods Pl, Brooklyn, NY 11226, USA"
40.669078,-73.78268,ChIJo7Dx0cJmwokRd2FYJL88zvM,"153-56 Rockaway Blvd, Jamaica, NY 11434, USA"
40.8326318,-73.9040711,ChIJfU-UfU_0wokRpFFQaBel3p8,"551 E 169th St, The Bronx, NY 10456, USA"
40.825512,-73.907017,ChIJQxo5eUv0wokRDprFSEtaLRg,"576 E 165th St, The Bronx, NY 10456, USA"
40.8819332,-73.8804942,ChIJDTWDTgzzwokRN9v30f3BcCo,"3450 Dekalb Ave, The Bronx, NY 10467, USA"
40.6421291,-73.9333956,ChIJU2z1A6dcwokRT88X7qBqgXI,"784 E 46th St, Brooklyn, NY 11203, USA"
40.8899033,-73.858941,ChIJ1_7kBCTzwokRZQWU7g2FFbw,"709 E 228th St, The Bronx, NY 10466, USA"
40.72382,-73.72965599999999,ChIJN23DqTZiwokROV36hjlYfSQ,"237-10 93rd Ave, Jamaica, NY 11426, USA"
40.6820189,-74.00361000000001,ChIJi54CWF5awokR_9MMD-TYbDw,"90 Summit St, Brooklyn, NY 11231, USA"
40.6677104,-73.91093769999999,ChIJ7WfEt19cwokRE4RivG324i8,"167 Chester St, Brooklyn, NY 11212, USA"
40.804738,-73.9478692,ChIJcUMyBxL2wokRkE1_6KTG_gs,"201 Lenox Ave, New York, NY 10027, USA"
40.7561275,-73.87080449999999,ChIJL5NBhr5fwokRdXuCO7WZt1I,"33-27 97th St, Queens, NY 11368, USA"
40.756154,-73.87068599999999,ChIJL5NBhr5fwokRpXNxaV4BIWY,"33 27 97th St, Corona, NY 11368, USA"
40.8644536,-73.9227095,ChIJASOHGAj0wokRhGfAMatHUsA,"161 Sherman Ave, New York, NY 10034, USA"
40.7794675,-73.9830259,ChIJ5YCpAIpYwokRL_148dlZq4w,"241 W 72nd St, New York, NY 10023, USA"
40.6867025,-73.7746964,ChIJPRdV2jRhwokR7IWGtcNYVUc,"117-08 Merrick Blvd, Jamaica, NY 11434, USA"
40.669139,-73.940998,ChIJ53DDR39bwokRBkDoJAWxBcM,"824 Eastern Pkwy, Brooklyn, NY 11213, USA"
40.72365689999999,-73.9842426,ChIJR5tSjIJZwokRLkEMdDA2HRk,"Church of the Most Holy Redeemer, 206 E 4th St, New York, NY 10009, USA"
40.6783349,-73.9138758,ChIJ1YuQNWhcwokRioQkNGdSKGs,"2094 Fulton St, Brooklyn, NY 11233, USA"
40.8290875,-73.9033961,ChIJlxteXk70wokRNrKszJc4JiE,"1175 Boston Rd, The Bronx, NY 10456, USA"
40.6587184,-73.9105154,ChIJ-fK5G_NcwokR1RZ2Wot6x6g,"885 Thomas S Boyland St, Brooklyn, NY 11212, USA"
40.8566061,-73.8891864,ChIJqdWWIX70wokRRgEPC5At7n4,"2409 Lorillard Pl, The Bronx, NY 10458, USA"
40.8622334,-73.9184841,ChIJK_vTgAn0wokRLY467XecLYk,"3816 9th Ave, New York, NY 10034, USA"
40.795809,-73.9492356,ChIJaYx5ahv2wokRBTNnNmlv04E,"8 E 109th St, New York, NY 10029, USA"
40.8307829,-73.890237,ChIJQ9TMH1j0wokRncHZl08xcGo,"1290 Hoe Ave, The Bronx, NY 10459, USA"
40.7573568,-73.9133171,ChIJORYKdz1fwokRUkJOeeu6mRM,"31-65 46th St, Long Island City, NY 11103, USA"
40.6788319,-73.9506774,ChIJFZQQ8Y9bwokRsha0caycTfU,"Brooklyn, NY 11216, USA"
40.691306,-73.942902,ChIJQ80OQvNbwokRk3mbvLNt6T8,"376 Throop Ave, Brooklyn, NY 11221, USA"
40.756752,-73.86907599999999,ChIJrZQDUL5fwokRYmdcMnp7_Mg,"33-13 99th St, Flushing, NY 11368, USA"
40.6803044,-73.7522216,ChIJoWnFdKtmwokRdKzuyOfVhJ8,"21611 Merrick Blvd, Jamaica, NY 11413, USA"
40.6355582,-73.9805604,ChIJYzMQL9VEwokRkNHRfAOIYEs,"1601 41st St, Brooklyn, NY 11218, USA"
40.6757225,-73.8668192,ChIJzb4jOb5dwokRLIxmBuOArC8,"624 S Conduit Blvd, Brooklyn, NY 11208, USA"
40.6695943,-73.9184631,ChIJwTsM0WNcwokRjJtKf8tY62E,"1768 St Johns Pl, Brooklyn, NY 11233, USA"
40.632344,-74.026168,ChIJVc2D2VlFwokRsIPjaNIFySo,"336 73rd St, Brooklyn, NY 11209, USA"
40.6310735,-74.08637139999999,ChIJK7mz1jdOwokRA28XiBixWJc,"42 Austin Pl, Staten Island, NY 10304, USA"
40.661523,-73.8331117,ChIJEy-zTHpnwokRiAYcSG9O7KE,"158-10 101st St, Jamaica, NY 11414, USA"
40.59338229999999,-73.9673459,ChIJd161lVhEwokRcu0NR1hUH6c,"2322 E 4th St, Brooklyn, NY 11223, USA"
40.6620327,-73.90516439999999,ChIJUXWM9PZcwokR9ByJQJAF8sM,"680 Mother Gaston Blvd, Brooklyn, NY 11212, USA"
40.65275630000001,-73.9195159,ChIJC4QfOJFcwokRDjEXMqunnwA,"9006 Church Ave, Brooklyn, NY 11236, USA"
40.6388359,-73.90914479999999,ChIJi_NQ_cZcwokRSHZVouaUXr8,"757 E 86th St, Brooklyn, NY 11236, USA"
40.8666302,-73.8905863,ChIJ5yTTOILzwokRAtkWftC2S3A,"290 E 196th St, The Bronx, NY 10458, USA"
40.6362335,-73.95777509999999,ChIJs-tIR0pbwokRl72iZtZJstc,"2020 Foster Ave, Brooklyn, NY 11210, USA"
40.7194735,-73.98238429999999,ChIJO17tXH9ZwokRKvRFVnt3LYo,"213 Stanton St, New York, NY 10002, USA"
40.6783303,-73.9828625,ChIJr1LR1apbwokRGUWUp0mD0aU,"200 4th Ave, Brooklyn, NY 11217, USA"
40.8654811,-73.88636009999999,ChIJo6J-2XjzwokRwHRXqkTUQvk,"2759 Webster Ave, The Bronx, NY 10458, USA"
40.8654811,-73.88636009999999,ChIJo6J-2XjzwokRwHRXqkTUQvk,"2759 Webster Ave, The Bronx, NY 10458, USA"
40.829607,-73.8953428,ChIJvcIezlD0wokRxlgMU1eNebU,"1288 Rev James A Polite Ave, The Bronx, NY 10459, USA"
40.6482184,-73.9506495,ChIJN-bDCUNbwokRLydovdZ5yFI,"2741 Albemarle Rd, Brooklyn, NY 11226, USA"
40.6138914,-73.9260659,ChIJJ6KdqnBcwokRkPbV_Ee6lAY,"23-43 Utica Ave, Brooklyn, NY 11234, USA"
40.73512059999999,-73.8141851,ChIJiVNOll5gwokR95ae35ZQOls,"67-09 Kissena Blvd, Flushing, NY 11367, USA"
40.8594929,-73.9004606,ChIJVRvdK3j0wokRol_9jrrj3V0,"120 E 184th St, The Bronx, NY 10468, USA"
40.680541,-73.88459619999999,ChIJ8xbMv7VdwokRYJYF2nP--2Q,"133 Elton St, Brooklyn, NY 11208, USA"
40.8140689,-73.8913298,ChIJy8gWr6n1wokRSu3jKEReVT8,"709 Tiffany St, The Bronx, NY 10474, USA"
40.800675,-73.951129,ChIJtzs9jxD2wokRTc8-5juYNdA,"73 Malcolm X Blvd, New York, NY 10026, USA"
40.6293768,-74.0769411,ChIJxe8XU7VPwokRcx2y4R9jcpA,"514 Bay St, Staten Island, NY 10304, USA"
40.7180475,-73.7319353,ChIJbfzVw8xjwokR92wHWxziiN0,"96-50 222nd St, Queens Village, NY 11429, USA"
40.7572243,-73.9943301,ChIJ9SIor1JYwokRypMi61LN6ic,"410 W 40th St, New York, NY 10018, USA"
40.613981,-74.0006563,ChIJIQk2_hNFwokRhSWazAPk1BE,"7708 New Utrecht Ave, Brooklyn, NY 11214, USA"
40.8290424,-73.916896,ChIJ0zsJGDT0wokRYJSZwM4zaMI,"1001 Morris Ave #1005, The Bronx, NY 10456, USA"
40.6491988,-73.9118528,ChIJwxqNLetcwokRo6Zj7WW9lqQ,"781 E 93rd St, Brooklyn, NY 11236, USA"
40.6404465,-74.1325064,ChIJZQW6_uZNwokRIHXZEei_M7w,"2083 Richmond Terrace, Staten Island, NY 10302, USA"
40.821508,-73.89931899999999,ChIJTYjoR631wokRizGvLGshtX0,"870 E 163rd St, The Bronx, NY 10459, USA"
40.6865932,-73.9803297,ChIJ723Ai7JbwokRAhUtWb6sLN8,"360 Schermerhorn St, Brooklyn, NY 11217, USA"
40.701047,-73.8996289,ChIJrRITiShcwokR7cj0i5CQ1wE,"59-14 70th Ave, Ridgewood, NY 11385, USA"
40.677872,-73.79163199999999,ChIJ7Y810tlmwokRDpdPAEunS94,"119-48 Sutphin Blvd, Jamaica, NY 11434, USA"
40.677872,-73.79163199999999,ChIJ7Y810tlmwokRDpdPAEunS94,"119-48 Sutphin Blvd, Jamaica, NY 11434, USA"
40.8119439,-73.94660999999999,ChIJl0JTYXL2wokRfRcJ71o4TuU,"2190 Adam Clayton Powell Jr Blvd, New York, NY 10027, USA"
40.8119439,-73.94660999999999,ChIJl0JTYXL2wokRfRcJ71o4TuU,"2190 Adam Clayton Powell Jr Blvd, New York, NY 10027, USA"
40.58855130000001,-73.98334729999999,ChIJBeZaMa1FwokRpSl-My7MU5c,"2417 Stillwell Ave, Brooklyn, NY 11223, USA"
40.6623285,-73.9480828,ChIJEY54C3BbwokRE7JK38UDSuE,"404 Lefferts Ave, Brooklyn, NY 11225, USA"
40.694459,-73.75219899999999,EiAyMDB0aCBTdCwgSmFtYWljYSwgTlkgMTE0MTIsIFVTQSIuKiwKFAoSCRm78DJcYcKJESsob0qOVu8pEhQKEgnt6Uj1RGHCiRFkANYegU0ztw,"200th St, Jamaica, NY 11412, USA"
40.7074338,-73.7497393,ChIJZ0nlJGJhwokRXdBdrTu6WOg,"207-12 Hollis Ave, Queens Village, NY 11429, USA"
40.6714593,-73.88000380000001,ChIJk0UTK7BdwokRnZCFc6wfQl0,"1048 Sutter Ave, Brooklyn, NY 11208, USA"
40.6046061,-73.9748673,ChIJnRORIPtEwokRkcMpGTAKEJ0,"425 Kings Hwy, Brooklyn, NY 11223, USA"
40.6634051,-73.9396896,ChIJjaRDRnxbwokR-F2sZT6I9qQ,"483 Albany Ave, Brooklyn, NY 11203, USA"
40.6704638,-73.95345999999999,ChIJ-ccmd3ZbwokRMCxi3q6P1QI,"449 Eastern Pkwy, Brooklyn, NY 11216, USA"
40.886368,-73.860405,ChIJ35IbRSPzwokRE7uZe7WbpL8,"719 E 223rd St, The Bronx, NY 10466, USA"
40.57914299999999,-73.96234299999999,ChIJYfrdKkJEwokRNVtDx218i_U,"3014 Brighton 6th St, Brooklyn, NY 11235, USA"
40.6833773,-73.9471167,ChIJo1ENLY5bwokRVeA_qpdud7c,"260 Jefferson Ave, Brooklyn, NY 11216, USA"
40.64262,-74.07803799999999,ChIJ92sj2SxOwokRFKdzz4cog8I,"307 St Marks Pl, Staten Island, NY 10301, USA"
40.6951314,-73.9464297,ChIJZ2CeGfJbwokRLP_Uq5DF7aI,"120 Tompkins Ave, Brooklyn, NY 11206, USA"
40.5926949,-73.7827167,ChIJhegEBJJowokR9tv2-JQN9hg,"5205 Rockaway Beach Blvd, Far Rockaway, NY 11691, USA"
40.7539226,-73.81806689999999,ChIJAWHOsGpgwokR_Wlow8grE0A,"143-06 45th Ave, Flushing, NY 11355, USA"
40.6795425,-73.9766235,ChIJDwaEUalbwokRee1UX9Ow3-I,"42 Prospect Pl, Brooklyn, NY 11217, USA"
40.6756158,-73.8011051,ChIJeU71GyRnwokRGkdWvCVZA98,"120-12 140th St, Jamaica, NY 11436, USA"
40.79954619999999,-73.9601139,ChIJu2ZemiL2wokRv5V_MfGRIiM,"12 W 108th St, New York, NY 10025, USA"
40.712383,-73.96153699999999,ChIJa2iBiN9bwokRMgnhNNA507w,"145 S 3rd St, Brooklyn, NY 11211, USA"
40.824599,-73.899169,ChIJ8c1e9VL0wokRBYAZxIZLIBs,"1038 Prospect Ave, The Bronx, NY 10459, USA"
40.81480579999999,-73.8611799,ChIJ777O5yD1wokRQ-LnO0O0M-o,"1822 Lacombe Ave, The Bronx, NY 10473, USA"
40.8085413,-73.9170144,ChIJlyEgFcH1wokRKwaZPJCsIWQ,"295 St Ann's Ave, The Bronx, NY 10454, USA"
40.8378686,-73.8694034,ChIJw9c4zJT0wokRqQw216zuOhU,"1750 Mansion St, The Bronx, NY 10460, USA"
40.8291416,-73.90435500000001,ChIJ3-KQ8k70wokRtrMxV6n4RL4,"1168 Franklin Ave, The Bronx, NY 10456, USA"
40.6682649,-73.93412219999999,ChIJV5s3bIBcwokRE-oNRJZc2wU,"298 Schenectady Ave, Brooklyn, NY 11213, USA"
40.6784512,-73.9765347,ChIJKQMOZqlbwokRflBd48QXH7w,"116 6th Ave, Brooklyn, NY 11217, USA"
40.8753847,-73.8776494,ChIJ4VQUeXLzwokRjYVPLj3RFRc,"268 E 207th St, The Bronx, NY 10467, USA"
40.7919189,-73.94732599999999,ChIJpaFy1gL2wokReXhqsHqLIbE,"125 E 105th St, New York, NY 10029, USA"
40.8196272,-73.9416537,ChIJnydhinn2wokRC_SxldMNnag,"211 W 141st St, New York, NY 10030, USA"
40.8499279,-73.9082118,ChIJfcbWR2z0wokRukHkH-cVXyM,"1905 Morris Ave, The Bronx, NY 10453, USA"
40.5107611,-74.2203748,ChIJzUDF7ahKwokRT1EAl31qBBM,"6581 Hylan Blvd, Staten Island, NY 10309, USA"
40.7892501,-73.97708,ChIJzS06VoFYwokRe3QxXGMt50Q,"552 West End Ave, New York, NY 10024, USA"
40.6903525,-73.9289014,ChIJPSujjgxcwokRXcDsTcafFGs,"795 Lexington Ave, Brooklyn, NY 11221, USA"
40.6903525,-73.9289014,ChIJPSujjgxcwokRXcDsTcafFGs,"795 Lexington Ave, Brooklyn, NY 11221, USA"
40.74895720000001,-73.9930981,ChIJm4Crta9ZwokRNmADxA344LM,"213 W 30th St, New York, NY 10001, USA"
40.8117964,-73.9540372,ChIJVaqfZmv2wokRHUjK9YP_t9M,"St. Joseph of the Holy Family Church, 405 W 125th St, New York, NY 10027, USA"
40.6758529,-73.73776800000002,ChIJszv1cwZkwokRBlB-QcGVkAA,"133-28 232nd St, Jamaica, NY 11413, USA"
40.8062674,-73.9155279,ChIJA5yRtMH1wokRtC1C2GH_Svw,"623 E 138th St, The Bronx, NY 10454, USA"
40.885108,-73.85899400000001,ChIJKQ6AUTvzwokRHhm12wUUd4I,"777 E 222nd St, The Bronx, NY 10467, USA"
40.7736756,-73.9305205,ChIJCRgoIkxfwokRmbT08cSgQyQ,"918 27th Ave, Astoria, NY 11102, USA"
40.7736576,-73.9305883,ChIJoWrv4UVfwokR-e1wpuI-l0g,"9-18 27th Ave, Astoria, NY 11102, USA"
40.7565793,-73.8726271,EjM5NS0xOCBOb3J0aGVybiBCbHZkLCBKYWNrc29uIEhlaWdodHMsIE5ZIDExMzcyLCBVU0EiGhIYChQKEgmX6UzKvV_CiRFnFaPMlbchxBAS,"95-18 Northern Blvd, Jackson Heights, NY 11372, USA"
40.8158551,-73.9387146,ChIJP8r1rnf2wokRMm3u_zq7E-8,"65 W 138th St, New York, NY 10037, USA"
40.6741271,-73.9218314,ChIJQ957-mRcwokRX9Ar_oQ6FUA,"439 Ralph Ave, Brooklyn, NY 11233, USA"
40.600749,-73.752735,ChIJ50wszKtowokRulCBZRqU13k,"19-20 New Haven Ave, Far Rockaway, NY 11691, USA"
40.814938,-73.9559829,ChIJF5FU0Gv2wokR87D3Gu9ANYU,"521 W 126th St, New York, NY 10027, USA"
40.669654800000004,-73.9321488,ChIJte8yOn5cwokRg54DFNUTKuQ,"1342 Lincoln Pl, Brooklyn, NY 11213, USA"
40.7962913,-73.9690907,ChIJ7_UEaCb2wokRnjkEtco3NH8,"225 W 99th St, New York, NY 10025, USA"
40.7185401,-73.80964929999999,ChIJY4nOb6iKwokR6fafcV1mG-8,"150-75 Goethals Ave, Jamaica, NY 11432, USA"
40.680361,-73.913648,ChIJf3kK8mlcwokR81AgqEaUSZs,"133 Thomas S Boyland St, Brooklyn, NY 11233, USA"
40.7636837,-73.98697779999999,ChIJt7QOGldYwokRi6b8qBiX1Mo,"335 W 51st St, New York, NY 10019, USA"
40.8346442,-73.8623515,ChIJtVi1-cD0wokRo2IN3RvMCHs,"1891 McGraw Ave, The Bronx, NY 10462, USA"
40.7440704,-74.00196120000001,ChIJ6SBQQLlZwokRx7Yt9Epb-z0,"346 W 20th St, New York, NY 10011, USA"
40.83831199999999,-73.843869,ChIJDc5xmrT0wokRUs9ddapWPnQ,"2500 Westchester Ave, The Bronx, NY 10461, USA"
40.6912041,-73.9422811,ChIJMWoNXvNbwokRgRj_UNblifg,"765 Lafayette Ave, Brooklyn, NY 11221, USA"
40.6816349,-73.9332526,ChIJ1XywVXZcwokRTJBVxXFgLuY,"265 Decatur St, Brooklyn, NY 11233, USA"
40.7371921,-73.9297409,ChIJ12h-6v5ewokRgIINRgUi7nQ,"35-20 Greenpoint Ave, Long Island City, NY 11101, USA"
40.6954053,-73.9470911,ChIJ6RppA_JbwokRDPrtVPCnyRM,"874 Myrtle Ave, Brooklyn, NY 11206, USA"
40.6737421,-73.9602192,ChIJuaM4H6BbwokRM0_9ZwNrQ9c,"560 Sterling Pl, Brooklyn, NY 11238, USA"
40.684241,-73.813464,ChIJ_bJk2TZnwokRl6w4plCUG4M,"129-04 109th Ave, Jamaica, NY 11420, USA"
40.6416855,-73.93445539999999,ChIJ3Tain6dcwokRJpF4uhAdf0Y,"4410 Avenue D, Brooklyn, NY 11203, USA"
40.6233613,-74.0787309,ChIJjWGQ6ExOwokRSMGcpXPh2vk,"49 Tompkins Ave., Staten Island, NY 10304, USA"
40.6233613,-74.0787309,ChIJjWGQ6ExOwokRSMGcpXPh2vk,"49 Tompkins Ave., Staten Island, NY 10304, USA"
40.6347856,-74.1583333,ChIJv_lHOrtNwokRNpXWa3uJl_E,"80 Union Ave, Staten Island, NY 10303, USA"
40.7069306,-73.794392,ChIJpXiicyBhwokRFsua9dECb74,"90-07 Merrick Blvd, Jamaica, NY 11432, USA"
40.67204,-73.73415299999999,ChIJq44hvQ9kwokRxFUOpC2mh-4,"240-08 135th Ave, Rosedale, NY 11422, USA"
40.7732276,-73.95556959999999,ChIJi5plHL9YwokRaqZZLTTvTEs,"Calexico, 250 E 79th St, New York, NY 10075, USA"
40.6785311,-73.9181018,ChIJ2Uu10WhcwokRhRF4Tnpgr6E,"2010 Fulton St, Brooklyn, NY 11233, USA"
40.6686098,-73.9445393,ChIJo5DA-XhbwokRgSh_ZeyO4VQ,"1417 Union St, Brooklyn, NY 11213, USA"
40.8417549,-73.924937,ChIJe5jVRyP0wokRqhzU0U70dms,"1363 Ogden Ave, The Bronx, NY 10452, USA"
40.8424083,-73.8843103,ChIJK2Oon4v0wokR965zCTS-tEc,"901 E Tremont Ave, The Bronx, NY 10460, USA"
40.8910093,-73.8493985,ChIJ5_qfDCnzwokRwmEIAoOOGdM,"963 E 233rd St, The Bronx, NY 10466, USA"
40.6981415,-73.7970345,ChIJeSqGkNdgwokRdYJ2tXLbPRA,"157-22 Tuskegee Airmen Way, Jamaica, NY 11433, USA"
40.7566884,-73.9144439,ChIJf5XGFj1fwokR5Al835y_zYQ,"4518 Broadway, Long Island City, NY 11103, USA"
40.6901809,-73.9504529,ChIJryhZ3pJbwokRdgvFIFjxNqw,"601 Lafayette Ave, Brooklyn, NY 11216, USA"
40.8228824,-73.9132482,ChIJnaH9lsr1wokRVOqCoyDheeU,"425 E 159th St, The Bronx, NY 10451, USA"
40.6893276,-73.9172258,ChIJDbX5YxRcwokR7Cbqr-mK0DE,"1151 Bushwick Ave, Brooklyn, NY 11221, USA"
40.704881,-73.798666,ChIJ6fr_xN5gwokRJiznKD5g0eg,"90-23 161 St, Jamaica, NY 11432, USA"
40.8042052,-73.9358003,ChIJEaprcQr2wokRiQBOov0fWAE,"175 E 125th St, New York, NY 10035, USA"
40.7524769,-73.8805361,ChIJo5q4r6VfwokRYj4XRS_7CIY,"86-07 35th Ave, Jackson Heights, NY 11372, USA"
40.6257974,-74.0757021,ChIJ32DxvrRPwokRP1IxNK2QDC0,"15 Broad St, Staten Island, NY 10304, USA"
40.6446242,-74.009934,ChIJlVcwLrRawokRkm_EGhlRaeE,"520 50th St, Brooklyn, NY 11220, USA"
40.7524769,-73.8805361,ChIJo5q4r6VfwokRYj4XRS_7CIY,"86-07 35th Ave, Jackson Heights, NY 11372, USA"
40.6375482,-74.0141754,ChIJu23WQkxFwokR9rS5i76hDJc,"6025 6th Ave, Brooklyn, NY 11220, USA"
40.6375482,-74.0141754,ChIJu23WQkxFwokR2cTp_UECjKg,"6025 6th Ave #205, Brooklyn, NY 11220, USA"
40.8222013,-73.8990319,ChIJ79MCtlL0wokR0Jk1cfmcadw,"951 Rev James A Polite Ave, The Bronx, NY 10459, USA"
40.8563985,-73.894757,ChIJAS-WrH70wokRBGEaVS6QWpA,"406 E 184th St, The Bronx, NY 10458, USA"
40.6877098,-73.9146344,ChIJ34ubGhVcwokRwkza2VRGYx4,"1243 Bushwick Ave, Brooklyn, NY 11221, USA"
40.6877098,-73.9146344,ChIJ34ubGhVcwokRwkza2VRGYx4,"1243 Bushwick Ave, Brooklyn, NY 11221, USA"
40.625273,-73.996931,ChIJoQHhAjtFwokRglasz1yzEKQ,"6225 New Utrecht Ave, Brooklyn, NY 11219, USA"
40.7066091,-73.9442462,ChIJcYyaRPxbwokRFsEdxRps3Ek,"153 Johnson Ave, Brooklyn, NY 11206, USA"
40.7260344,-73.980189,ChIJE-gMnndZwokRTUWJCJyYU1Y,"602 E 9th St, New York, NY 10009, USA"
40.6608148,-73.9299085,ChIJI60LgYRcwokREjAMVcpSaiM,"889 Rutland Rd, Brooklyn, NY 11203, USA"
40.6759251,-73.9067549,ChIJawjBWENcwokRBxvyAw0tavk,"2364 Atlantic Ave, Brooklyn, NY 11233, USA"
40.7158448,-73.9832935,ChIJneVAAYBZwokRT2DSWT2phCU,"15 Willett St, New York, NY 10002, USA"
40.6825593,-73.924741,ChIJfcyGAnJcwokRuNT1Jz8rwJ4,"461 Decatur St, Brooklyn, NY 11233, USA"
40.8328965,-73.8890554,ChIJXVCZf1j0wokRaAUx8ZFdqZw,"1488 Hoe Ave, The Bronx, NY 10460, USA"
40.8139815,-73.904207,ChIJ5RMrjLD1wokR2Z6Fs2JFmlw,"603 Prospect Ave, The Bronx, NY 10455, USA"
40.629167700000004,-74.0756181,EikzMiBTYW5kcyBTdCwgU3RhdGVuIElzbGFuZCwgTlkgMTAzMDQsIFVTQSIaEhgKFAoSCe3Us1y1T8KJEUE7h7bvmysdECA,"32 Sands St, Staten Island, NY 10304, USA"
40.6138914,-73.9260659,ChIJJ6KdqnBcwokRkPbV_Ee6lAY,"23-43 Utica Ave, Brooklyn, NY 11234, USA"
40.7230138,-73.9863775,ChIJE1yGroNZwokRH4cWYufxE6I,"137 E 2nd St, New York, NY 10009, USA"
40.6603181,-73.9144532,ChIJX-DIk4xcwokR35cjl4cftww,"61 Riverdale Ave #71, Brooklyn, NY 11212, USA"
40.694756,-73.77949799999999,ChIJ7bnq8TBhwokRmDfKofrBkmE,"111-16 173rd St, Jamaica, NY 11433, USA"
40.7062319,-73.7549614,ChIJxdOmwWZhwokR3J7WflPt5TA,"202-14 Hollis Ave, St. Albans, NY 11412, USA"
40.6680976,-73.7565971,ChIJd0kqgqNmwokRT7Y_8bXrHpw,"143-17 Springfield Blvd, Jamaica, NY 11413, USA"
40.8306638,-73.9121459,ChIJMy3B2Un0wokROX2XIYopD_w,"1140 Teller Ave, The Bronx, NY 10456, USA"
40.7173399,-73.98842379999999,ChIJv1qVtoBZwokRN10wmMCswgQ,"66 Essex St, New York, NY 10002, USA"
40.813813,-73.9147459,ChIJn2vrz8f1wokRAuufOQFfTz8,"520 E 148th St, The Bronx, NY 10455, USA"
40.8183018,-73.9383013,ChIJ17MSL3j2wokRrMOlZOBS7-s,"625 Malcolm X Blvd, New York, NY 10030, USA"
40.8362836,-73.9191271,ChIJK_CUOzr0wokRKba_EHtJMqs,"50 E 168th St, The Bronx, NY 10452, USA"
40.8493141,-73.9209413,ChIJ81le1xb0wokR_yugqLjXcUo,"1651 Popham Ave, The Bronx, NY 10453, USA"
40.8353888,-73.9264985,ChIJq6puhS_0wokRKxabrwdYdGI,"89 W 166th St, The Bronx, NY 10452, USA"
40.8196041,-73.9030678,ChIJ9QgsTrL1wokRbt1UAHVbmF8,"830 Union Ave, The Bronx, NY 10459, USA"
40.8653582,-73.91905109999999,ChIJY_0iDPbzwokRKOpUNcvBwZQ,"148 Post Ave, New York, NY 10034, USA"
40.73788529999999,-73.995525,ChIJrYNgRb1ZwokR7ljkO2-yKL0,"55 W 15th St, New York, NY 10011, USA"
40.642524,-73.9973681,ChIJW80QzM1awokRG2kzrqAjlnc,"928 44th St, Brooklyn, NY 11219, USA"
40.70449989999999,-73.7979864,ChIJ2b5H1N5gwokRTKoneRm0pDY,"16121 Jamaica Ave, Jamaica, NY 11432, USA"
40.7047333,-73.7981594,ChIJYy5G1N5gwokRQ8h13l0k1NA,"11432 - Entrance is on 162 Street, 161-21 Jamaica Ave, Jamaica, NY 11432, USA"
40.7447205,-73.9022592,ChIJ-VqKah1fwokR4Qn3Ev1X8Qc,"62-07 Woodside Ave, Woodside, NY 11377, USA"
40.7447205,-73.9022592,ChIJ-VqKah1fwokRHfMQAjzoqCk,"62-07 Woodside Ave # 3, Woodside, NY 11377, USA"
40.605379,-73.7523479,ChIJ1dkrlgFmwokRqmG6iL_IOR0,"1600 Central Ave, Far Rockaway, NY 11691, USA"
40.8023207,-73.94342689999999,ChIJsQCMwQ72wokRLOlPtnc0kck,"1832 Madison Ave, New York, NY 10035, USA"
40.7411268,-73.87308999999999,ChIJa1nME7NfwokRPkyZxsZSlSE,"48-18 91st Pl, Elmhurst, NY 11373, USA"
40.8772655,-73.8332076,ChIJv4-z0M6MwokRf9Pn2znFIvY,"920 Baychester Ave, The Bronx, NY 10475, USA"
40.7174546,-74.0122469,EigxOTkgQ2hhbWJlcnMgU3QsIE5ldyBZb3JrLCBOWSAxMDI4MiwgVVNBIhsSGQoUChIJJVLrKxxawokRI_fIOUxwMrwQxwE,"199 Chambers St, New York, NY 10282, USA"
40.7385889,-73.8925328,ChIJ12h-6v5ewokRCD2DH8ynzCs,"70-31 48th Ave, Woodside, NY 11377, USA"
40.8038206,-73.9618358,ChIJuRGsBz32wokRXuTBnt_RagQ,"1047 Amsterdam Ave, New York, NY 10025, USA"
40.756814,-73.94173599999999,ChIJvX1ZKtJYwokRLKHDDP_YRD4,"38-49 12th St, Long Island City, NY 11101, USA"
40.665685,-73.9584047,ChIJWXGQJXNbwokRpH5efzqTa34,"11 McKeever Pl, Brooklyn, NY 11225, USA"
40.7638946,-73.96964849999999,ChIJsRSU7O9YwokRcVJ5RO7DwEA,"524 Park Ave, New York, NY 10065, USA"
40.8239667,-73.9464048,ChIJn62Tn3z2wokRpykS_yGipyY,"425 W 144th St, New York, NY 10031, USA"
40.6926023,-73.9884768,ChIJKVaX10tawokRjKN9MeLYA_c,"345 Adams St, Brooklyn, NY 11201, USA"
40.7035777,-73.7995625,EiYyNCBKYW1haWNhIEF2ZSwgSmFtYWljYSwgTlkgMTE0MzIsIFVTQSIaEhgKFAoSCa9Y_UTZYMKJEUZoWAG_twhPEBg,"24 Jamaica Ave, Jamaica, NY 11432, USA"
40.7148178,-73.74296439999999,ChIJ_ydSudZjwokRpm-6U48Ncw0,"215-31 99th Ave, Queens Village, NY 11429, USA"
40.7445136,-73.9378622,ChIJK_vXbitZwokR4X09MjE4xZg,"29-10 Thomson Ave, Long Island City, NY 11101, USA"
40.7542097,-73.9371118,ChIJWVivW9NYwokRUB-2QoI2BAE,"39-21 Crescent St, Long Island City, NY 11101, USA"
40.741027,-73.8747999,ChIJgSYI57JfwokR-Zwcv2oPfCI,"89-16 48th Ave, Flushing, NY 11373, USA"
40.6096655,-73.7455952,EihDZW50cmFsIEF2ZSwgRmFyIFJvY2thd2F5LCBOWSAxMTY5MSwgVVNBIi4qLAoUChIJHxZij-llwokRWHV-9iLRl9YSFAoSCQ2Z93WiaMKJEVeWApzy2pjo,"Central Ave, Far Rockaway, NY 11691, USA"
40.8100049,-73.947057,ChIJ75EnpXL2wokRvqQhnq4Rnas,"2139 Adam Clayton Powell Jr Blvd, New York, NY 10027, USA"
40.5986603,-73.9552617,ChIJndhUbIxEwokR-103cttYc2A,"2101 East 16th Street, Brooklyn, NY 11229, USA"
40.74926749999999,-73.99875360000001,ChIJhQc477BZwokRDgSDfitNK1w,"296 9th Ave, New York, NY 10001, USA"
40.7598607,-73.9404461,ChIJE92n-s1YwokRg41-fQQfeLQ,"36-49 11th St, Long Island City, NY 11101, USA"
40.7457409,-73.9268499,ChIJ09VZS9ZewokRibxxgkM5St0,"43-02 38th St, Long Island City, NY 11101, USA"
40.5956245,-73.76141849999999,ChIJU9suOqVowokRvlhsfl-O34s,"2-23 B 28 St, Far Rockaway, NY 11691, USA"
40.854098,-73.934506,ChIJ4zTfoR30wokRmDYOtDwcah8,"121 Bennett Ave, New York, NY 10033, USA"
40.7311627,-73.8708995,ChIJQ0Qi0khewokRH-xfaqa4QdA,"60-05 Woodhaven Blvd, Elmhurst, NY 11373, USA"
40.5786707,-73.9351016,ChIJbZ5ZJYhDwokRo5RYecMLImY,"2001 Oriental Blvd, Brooklyn, NY 11235, USA"
40.5785455,-73.9331131,ChIJL5_mX4hDwokRu9PbxJe6wwc,"2001 Oriental Blvd, Brooklyn, NY 11235, USA"
40.826329200000004,-73.8785437,ChIJiwKAH_v0wokRRabh55Nvn2M,"1104 Elder Ave, The Bronx, NY 10472, USA"
40.6641275,-73.9570145,ChIJV2Ut8XJbwokR1r7LPQDZBqk,"1727 Bedford Ave, Brooklyn, NY 11225, USA"
40.6664998,-73.95758579999999,ChIJzVCft3ZbwokRlCL7B6LA8U4,"1650 Bedford Ave #2010, Brooklyn, NY 11225, USA"
40.673888,-73.7934779,ChIJt-iZtdhmwokR1zUactp3g24,"145-03 Rockaway Blvd, Jamaica, NY 11436, USA"
40.7445977,-73.9904622,ChIJOSH2uKVZwokRnVapj2xJTm8,"37 W 26th St, New York, NY 10010, USA"
40.7369456,-73.8811637,ChIJd8dAx1NewokRPdSioB6wXeI,"8210 Queens Blvd, Queens, NY 11373, USA"
40.703971,-73.82567499999999,ChIJdyq7FLpgwokRa0gK-2HpZRQ,"85-12 126th St, Jamaica, NY 11415, USA"
40.6969444,-73.8291667,ChIJIWyobrJgwokRWfSVASBvvg0,"8911 Lefferts Blvd, Jamaica, NY 11418, USA"
40.8116557,-73.9627302,ChIJnYJrgUD2wokRI5QR9_ddORc,"91 Claremont Ave, New York, NY 10027, USA"
40.73728150000001,-73.921239,ChIJ3wBiKNtewokREzJVhu9fM4U,"50-20 45th St, Woodside, NY 11377, USA"
40.576149,-73.967182,ChIJIwT4j0FEwokRi39ajh31W3w,"128 Brighton Beach Ave 4th floor, Brooklyn, NY 11235, USA"
40.57618000000001,-73.967247,ChIJJRn0FEdEwokRFsKXIH3MV1w,"128 Brighton Beach Ave, Brooklyn, NY 11235, USA"
40.7326297,-74.0006787,ChIJW_4L_pNZwokRpwW9kdiKAtg,"371 6th Ave, New York, NY 10014, USA"
40.7525839,-73.9356956,ChIJayvyTCtfwokRNzMzBmRMOAM,"39-38 29th St, Long Island City, NY 11101, USA"
40.75856539999999,-73.9703834,ChIJRbhSpeRYwokR5wtYuxtgouU,"619 Lexington Ave, New York, NY 10022, USA"
40.7014794,-73.89247519999999,ChIJcXUWZipcwokRikJKqLe0BgI,"7102 Cypress Hills St, Queens, NY 11385, USA"
40.7014923,-73.892382,ChIJJafUiiRcwokRB1hgiQL3HEs,"71-02 Cypress Hills St, Flushing, NY 11385, USA"
40.7378097,-73.9986816,ChIJQSY7ib1ZwokRa0mc4EmWfXM,"132 W 14th St, New York, NY 10011, USA"
40.8622831,-73.9057167,Ei0yMzQ1IFVuaXZlcnNpdHkgQXZlLCBUaGUgQnJvbngsIE5ZIDEwNDY4LCBVU0EiGxIZChQKEgkxbnHYdfTCiRFSobSE_G28yxCpEg,"2345 University Ave, The Bronx, NY 10468, USA"
40.7049294,-73.9559767,ChIJC3y_6OZbwokRa8Xge4s1UwA,"280 Marcy Ave, Brooklyn, NY 11211, USA"
40.6030676,-73.7517159,ChIJm7nGdqpowokRL6ejoyeb9jE,"1032 Beach 19th St, Far Rockaway, NY 11691, USA"
40.8254508,-73.9469577,ChIJnyH_xXz2wokRIhhhb4GsBE8,"1727 Amsterdam Ave, New York, NY 10031, USA"
40.78896770000001,-73.9772637,ChIJlWoeVYFYwokRmPKBr9WzDm0,"263 W 86th St, New York, NY 10024, USA"
